id,target,signal,signalValue
00000e74ad,1.0,g2net-gravitational-wave-detection1\train\0\0\0\00000e74ad.npy,"[ 9.75407048e-22  4.52586118e-22  4.58643893e-23 ... -1.09608208e-20
 -1.09766636e-20 -1.10858129e-20]"
0000a38978,1.0,g2net-gravitational-wave-detection1\train\0\0\0\0000a38978.npy,"[-2.15955645e-21 -1.40929943e-21 -1.12841005e-21 ... -2.59002878e-21
 -2.41799662e-21 -2.47120394e-21]"
0000bb9f3e,1.0,g2net-gravitational-wave-detection1\train\0\0\0\0000bb9f3e.npy,"[-4.07041313e-22 -7.12796104e-22 -3.78339021e-22 ...  6.47802113e-21
  5.86417603e-21  5.51866076e-21]"
0000d61b7b,1.0,g2net-gravitational-wave-detection1\train\0\0\0\0000d61b7b.npy,"[-2.12831824e-21 -2.35651873e-21 -3.10478911e-21 ... -1.13747489e-20
 -1.13558299e-20 -1.13497893e-20]"
0001016d12,1.0,g2net-gravitational-wave-detection1\train\0\0\0\0001016d12.npy,"[-1.07538773e-20 -1.07230677e-20 -1.13235853e-20 ... -6.97980233e-21
 -7.14299499e-21 -7.13750048e-21]"
00010beb4a,1.0,g2net-gravitational-wave-detection1\train\0\0\0\00010beb4a.npy,"[ 1.08980008e-22 -4.10837111e-22 -7.71400670e-22 ... -6.24695115e-22
 -1.20896524e-21 -1.34355968e-21]"
0001388506,1.0,g2net-gravitational-wave-detection1\train\0\0\0\0001388506.npy,"[-1.55522826e-20 -1.61532866e-20 -1.66497713e-20 ...  1.37035467e-21
  1.15186503e-21  9.61486253e-22]"
00014b7a9d,1.0,g2net-gravitational-wave-detection1\train\0\0\0\00014b7a9d.npy,"[-1.05262862e-21 -1.02432967e-21 -5.85158706e-22 ... -1.43173587e-20
 -1.41688549e-20 -1.39352035e-20]"
00017d3cf3,1.0,g2net-gravitational-wave-detection1\train\0\0\0\00017d3cf3.npy,"[-3.07603112e-21 -3.20428361e-21 -3.38173419e-21 ... -8.85742021e-22
 -7.29102311e-22 -1.01847145e-21]"
0001808ecc,1.0,g2net-gravitational-wave-detection1\train\0\0\0\0001808ecc.npy,"[ 3.32430194e-21  3.29797699e-21  3.98581070e-21 ... -8.92901031e-21
 -8.23682458e-21 -7.82857634e-21]"
0001c76f56,1.0,g2net-gravitational-wave-detection1\train\0\0\0\0001c76f56.npy,"[-7.99693399e-21 -8.47899880e-21 -9.07819762e-21 ... -1.30345136e-21
 -9.91134790e-22 -9.79058365e-22]"
00026119ef,1.0,g2net-gravitational-wave-detection1\train\0\0\0\00026119ef.npy,"[-3.37462785e-21 -3.35331580e-21 -3.08772445e-21 ... -2.78773771e-21
 -2.32886115e-21 -1.81820287e-21]"
000270b7cc,1.0,g2net-gravitational-wave-detection1\train\0\0\0\000270b7cc.npy,"[5.57860804e-22 6.93462702e-22 5.11196690e-22 ... 8.99650210e-22
 1.05445038e-21 1.03610632e-21]"
000288e4a5,1.0,g2net-gravitational-wave-detection1\train\0\0\0\000288e4a5.npy,"[1.28803403e-21 1.40407567e-21 1.50415387e-21 ... 6.30695426e-21
 6.16632929e-21 6.20807355e-21]"
0002b64784,1.0,g2net-gravitational-wave-detection1\train\0\0\0\0002b64784.npy,"[1.58791825e-20 1.56751429e-20 1.55538926e-20 ... 9.90707928e-21
 1.01576940e-20 1.03212439e-20]"
0002cc5125,1.0,g2net-gravitational-wave-detection1\train\0\0\0\0002cc5125.npy,"[-1.63388627e-22  3.12129243e-22  6.55253268e-22 ...  5.85861360e-21
  5.65654599e-21  5.56663231e-21]"
0002d0e9a5,1.0,g2net-gravitational-wave-detection1\train\0\0\0\0002d0e9a5.npy,"[1.00691399e-20 9.89000996e-21 9.56049709e-21 ... 1.01463184e-20
 1.02345525e-20 1.04743390e-20]"
00031da6a7,1.0,g2net-gravitational-wave-detection1\train\0\0\0\00031da6a7.npy,"[1.07735628e-20 1.08242810e-20 1.09011228e-20 ... 3.74542233e-21
 3.81812916e-21 3.65318806e-21]"
000367454d,1.0,g2net-gravitational-wave-detection1\train\0\0\0\000367454d.npy,"[ 1.17058873e-21  1.39614631e-21  1.31045856e-21 ... -3.62302060e-21
 -4.07348106e-21 -3.89125054e-21]"
000376cd4c,1.0,g2net-gravitational-wave-detection1\train\0\0\0\000376cd4c.npy,"[ 6.92728938e-21  6.86371025e-21  6.96921930e-21 ... -1.28233969e-20
 -1.27397441e-20 -1.25166051e-20]"
0003920ef5,1.0,g2net-gravitational-wave-detection1\train\0\0\0\0003920ef5.npy,"[-7.69977893e-21 -8.13634809e-21 -8.06466035e-21 ...  2.35566572e-22
  5.48150344e-22  1.06491110e-21]"
0003b77c3e,1.0,g2net-gravitational-wave-detection1\train\0\0\0\0003b77c3e.npy,"[ 1.34014928e-20  1.37096695e-20  1.35704657e-20 ... -3.45992625e-21
 -3.68140642e-21 -3.72111642e-21]"
0003c0dea5,1.0,g2net-gravitational-wave-detection1\train\0\0\0\0003c0dea5.npy,"[ 2.95792581e-21  2.90773787e-21  2.87692821e-21 ... -5.80546988e-21
 -5.80899601e-21 -5.71694142e-21]"
0003fc4eb4,1.0,g2net-gravitational-wave-detection1\train\0\0\0\0003fc4eb4.npy,"[-3.30694256e-21 -3.33804340e-21 -3.45712818e-21 ...  5.05253426e-21
  5.15811630e-21  5.19651367e-21]"
00046aeb49,1.0,g2net-gravitational-wave-detection1\train\0\0\0\00046aeb49.npy,"[1.84115710e-21 1.45021548e-21 1.70294294e-21 ... 9.35072973e-21
 9.91288092e-21 1.01856681e-20]"
0004836462,1.0,g2net-gravitational-wave-detection1\train\0\0\0\0004836462.npy,"[-2.25656254e-21 -2.00868546e-21 -1.88036102e-21 ... -7.84458733e-21
 -8.00187251e-21 -7.89156790e-21]"
0004a85055,1.0,g2net-gravitational-wave-detection1\train\0\0\0\0004a85055.npy,"[1.16943052e-21 1.26570358e-21 1.67210282e-21 ... 1.31282445e-21
 1.31496020e-21 8.50708085e-22]"
00054902ca,1.0,g2net-gravitational-wave-detection1\train\0\0\0\00054902ca.npy,"[-1.23079997e-20 -1.23158567e-20 -1.22866423e-20 ... -1.94155847e-21
 -2.16300962e-21 -2.67653572e-21]"
00054fb5ed,1.0,g2net-gravitational-wave-detection1\train\0\0\0\00054fb5ed.npy,"[7.80014420e-21 7.18474670e-21 6.69386188e-21 ... 2.72495597e-21
 2.30165685e-21 2.29373233e-21]"
00054fd779,1.0,g2net-gravitational-wave-detection1\train\0\0\0\00054fd779.npy,"[ 9.86311745e-21  9.65481525e-21  9.25834933e-21 ... -7.23766115e-21
 -7.31120685e-21 -7.48922155e-21]"
0005c1c3fd,1.0,g2net-gravitational-wave-detection1\train\0\0\0\0005c1c3fd.npy,"[ 1.36115867e-21  7.69939190e-22  6.66087868e-22 ... -9.69537272e-21
 -9.55016881e-21 -9.51959060e-21]"
0006166539,1.0,g2net-gravitational-wave-detection1\train\0\0\0\0006166539.npy,"[-3.30732736e-21 -3.64905029e-21 -3.93994242e-21 ... -9.82245514e-21
 -1.02838647e-20 -1.01302546e-20]"
0006684722,1.0,g2net-gravitational-wave-detection1\train\0\0\0\0006684722.npy,"[ 1.95459146e-21  2.07623397e-21  1.99497153e-21 ... -8.24754034e-23
 -9.58065161e-23 -1.61108280e-22]"
000727a039,1.0,g2net-gravitational-wave-detection1\train\0\0\0\000727a039.npy,"[ 1.65697580e-21  2.04067796e-21  1.87626473e-21 ... -7.97398770e-22
 -1.39232358e-21 -1.47357054e-21]"
00076d377c,1.0,g2net-gravitational-wave-detection1\train\0\0\0\00076d377c.npy,"[-2.56272519e-21 -2.24313307e-21 -2.13658541e-21 ... -5.20766858e-21
 -4.72872395e-21 -4.45172447e-21]"
0007bc2873,1.0,g2net-gravitational-wave-detection1\train\0\0\0\0007bc2873.npy,"[ 1.99767004e-22  1.60796859e-22  5.51376791e-22 ... -1.68111039e-21
 -1.53718888e-21 -8.31552808e-22]"
0008258672,1.0,g2net-gravitational-wave-detection1\train\0\0\0\0008258672.npy,"[-6.80483705e-22 -2.90117590e-22  1.08074920e-22 ... -8.53287282e-22
 -7.76371175e-22 -5.67293631e-22]"
0008983698,1.0,g2net-gravitational-wave-detection1\train\0\0\0\0008983698.npy,"[ 6.43553693e-21  6.75907064e-21  6.71935690e-21 ... -5.46319187e-21
 -5.42596641e-21 -4.81342326e-21]"
00089e1821,1.0,g2net-gravitational-wave-detection1\train\0\0\0\00089e1821.npy,"[ 6.97717751e-21  7.25400484e-21  7.76490632e-21 ... -2.94897758e-21
 -2.93510684e-21 -2.86481188e-21]"
00090c52ce,1.0,g2net-gravitational-wave-detection1\train\0\0\0\00090c52ce.npy,"[-1.57365263e-20 -1.60121275e-20 -1.63766651e-20 ... -1.62996073e-20
 -1.59238083e-20 -1.59959494e-20]"
0009b55d87,1.0,g2net-gravitational-wave-detection1\train\0\0\0\0009b55d87.npy,"[5.20368921e-21 5.62405828e-21 6.07740826e-21 ... 7.84700717e-21
 7.63115725e-21 7.81474275e-21]"
0009cf257a,1.0,g2net-gravitational-wave-detection1\train\0\0\0\0009cf257a.npy,"[2.90437185e-22 2.85229351e-22 4.75127269e-22 ... 7.25298900e-21
 6.76633455e-21 6.52712710e-21]"
0009d40573,1.0,g2net-gravitational-wave-detection1\train\0\0\0\0009d40573.npy,"[-2.22442273e-21 -2.20635688e-21 -2.36530502e-21 ...  1.51125690e-21
  1.31519562e-21  1.12466022e-21]"
0009d4cdeb,1.0,g2net-gravitational-wave-detection1\train\0\0\0\0009d4cdeb.npy,"[-3.85364107e-21 -3.62201852e-21 -3.76101849e-21 ... -1.24795785e-21
 -1.47938692e-21 -1.29435554e-21]"
0009e8c71e,1.0,g2net-gravitational-wave-detection1\train\0\0\0\0009e8c71e.npy,"[-3.42127228e-21 -3.59278355e-21 -3.73630659e-21 ... -4.92084644e-21
 -5.44980543e-21 -5.46101907e-21]"
000a1f352b,1.0,g2net-gravitational-wave-detection1\train\0\0\0\000a1f352b.npy,"[ 2.71584172e-21  2.97113184e-21  3.15270192e-21 ... -4.83452665e-21
 -4.59116428e-21 -4.09085023e-21]"
000a218fdd,1.0,g2net-gravitational-wave-detection1\train\0\0\0\000a218fdd.npy,"[-1.03170234e-20 -1.06287056e-20 -1.03892928e-20 ... -3.61997724e-21
 -3.61303913e-21 -4.01149800e-21]"
000a32736f,1.0,g2net-gravitational-wave-detection1\train\0\0\0\000a32736f.npy,"[-1.87927445e-23 -1.04254805e-22 -5.67161294e-23 ...  9.73699269e-21
  1.00005557e-20  9.66766171e-21]"
000a5527d6,1.0,g2net-gravitational-wave-detection1\train\0\0\0\000a5527d6.npy,"[4.51052327e-21 4.43201262e-21 4.73678885e-21 ... 5.98973932e-21
 5.98190130e-21 5.88544820e-21]"
000a5b6e5c,1.0,g2net-gravitational-wave-detection1\train\0\0\0\000a5b6e5c.npy,"[-5.39587907e-21 -5.86718917e-21 -5.59127863e-21 ... -3.90359733e-21
 -4.08026656e-21 -3.59755890e-21]"
000a5b744e,1.0,g2net-gravitational-wave-detection1\train\0\0\0\000a5b744e.npy,"[-9.96927273e-22 -1.24344325e-21 -1.05124269e-21 ...  5.89001664e-21
  6.04253698e-21  5.64971877e-21]"
000aa31ba5,1.0,g2net-gravitational-wave-detection1\train\0\0\0\000aa31ba5.npy,"[ 8.36042972e-21  8.33143438e-21  8.73832369e-21 ... -2.14487096e-21
 -2.14139269e-21 -2.67698669e-21]"
000ab7f146,1.0,g2net-gravitational-wave-detection1\train\0\0\0\000ab7f146.npy,"[-7.57270104e-21 -8.09459966e-21 -8.46378125e-21 ...  7.51942682e-21
  7.48231002e-21  7.34118761e-21]"
000b9f270d,1.0,g2net-gravitational-wave-detection1\train\0\0\0\000b9f270d.npy,"[ 2.14758904e-21  1.84850626e-21  1.88162217e-21 ... -2.64991582e-22
 -4.64572736e-22 -1.02411245e-21]"
000bbeb157,1.0,g2net-gravitational-wave-detection1\train\0\0\0\000bbeb157.npy,"[-5.07309385e-21 -5.19019812e-21 -5.14911242e-21 ...  1.19270616e-20
  1.12910511e-20  1.08423138e-20]"
000bcf8bf9,1.0,g2net-gravitational-wave-detection1\train\0\0\0\000bcf8bf9.npy,"[-4.71321117e-21 -4.51490498e-21 -4.24315893e-21 ... -8.22048978e-21
 -8.03999374e-21 -7.71459384e-21]"
000bf33edd,1.0,g2net-gravitational-wave-detection1\train\0\0\0\000bf33edd.npy,"[1.09498870e-21 1.06785605e-21 1.00261696e-21 ... 7.88746876e-21
 8.09241061e-21 8.16796453e-21]"
000bf685d6,1.0,g2net-gravitational-wave-detection1\train\0\0\0\000bf685d6.npy,"[-5.34299499e-21 -5.58831785e-21 -5.57681679e-21 ...  6.04526242e-21
  5.70495698e-21  5.21637251e-21]"
000c3f2d3e,1.0,g2net-gravitational-wave-detection1\train\0\0\0\000c3f2d3e.npy,"[ 8.00732325e-21  8.18704282e-21  8.03921716e-21 ... -3.26404153e-21
 -3.55270636e-21 -3.58740458e-21]"
000c41d34a,1.0,g2net-gravitational-wave-detection1\train\0\0\0\000c41d34a.npy,"[ 7.29400623e-22  7.17146254e-22  3.03763838e-22 ... -7.40443121e-21
 -7.54022622e-21 -7.40623822e-21]"
000c5a3b83,1.0,g2net-gravitational-wave-detection1\train\0\0\0\000c5a3b83.npy,"[-1.00965771e-20 -1.01192307e-20 -1.01813657e-20 ...  2.49438816e-22
  4.73403074e-22  4.01578919e-22]"
000c6477c2,1.0,g2net-gravitational-wave-detection1\train\0\0\0\000c6477c2.npy,"[-6.60337772e-21 -6.93026114e-21 -7.24374032e-21 ... -1.76222354e-21
 -1.84744899e-21 -1.86009539e-21]"
000c67c73a,1.0,g2net-gravitational-wave-detection1\train\0\0\0\000c67c73a.npy,"[ 7.17733676e-21  7.36384050e-21  7.65848335e-21 ... -1.30375778e-20
 -1.36637966e-20 -1.36225583e-20]"
000e2302f0,1.0,g2net-gravitational-wave-detection1\train\0\0\0\000e2302f0.npy,"[-1.11179887e-20 -1.10832576e-20 -1.11420841e-20 ... -9.53569301e-21
 -9.70241693e-21 -9.89297284e-21]"
000e259eb1,1.0,g2net-gravitational-wave-detection1\train\0\0\0\000e259eb1.npy,"[-7.97063810e-21 -8.64248746e-21 -9.14397299e-21 ... -5.26447656e-21
 -5.25143017e-21 -4.88802579e-21]"
000e2e4fa6,1.0,g2net-gravitational-wave-detection1\train\0\0\0\000e2e4fa6.npy,"[-2.79457278e-21 -2.46273313e-21 -2.44395822e-21 ...  2.90235465e-21
  3.00666418e-21  3.15681307e-21]"
000e4a26c6,1.0,g2net-gravitational-wave-detection1\train\0\0\0\000e4a26c6.npy,"[-9.89638936e-21 -1.03612201e-20 -1.03386562e-20 ... -7.13446250e-21
 -7.33523453e-21 -7.45403040e-21]"
000ef07f12,1.0,g2net-gravitational-wave-detection1\train\0\0\0\000ef07f12.npy,"[ 4.49280605e-21  4.25462924e-21  4.02998342e-21 ... -4.51483352e-21
 -4.52256739e-21 -4.98931976e-21]"
000f16d34d,1.0,g2net-gravitational-wave-detection1\train\0\0\0\000f16d34d.npy,"[ 1.53452422e-21  9.48322202e-22  5.58366857e-22 ... -9.96927643e-22
 -1.20306374e-21 -1.57853174e-21]"
000f1976b6,1.0,g2net-gravitational-wave-detection1\train\0\0\0\000f1976b6.npy,"[-5.86947106e-21 -6.07984807e-21 -6.00524495e-21 ... -1.07128519e-21
 -1.18102459e-21 -8.12633014e-22]"
00001f4945,0.0,g2net-gravitational-wave-detection1\train\0\0\0\00001f4945.npy,"[ 5.55440510e-22  2.21855410e-22 -3.89795319e-22 ...  1.14926043e-21
  1.09291253e-21  8.12304342e-22]"
0000661522,0.0,g2net-gravitational-wave-detection1\train\0\0\0\0000661522.npy,"[ 6.45701442e-22  1.15521464e-21  1.65658096e-21 ... -6.81625068e-22
 -6.21314876e-22 -7.65537829e-22]"
00007a006a,0.0,g2net-gravitational-wave-detection1\train\0\0\0\00007a006a.npy,"[-8.46749671e-21 -8.34070032e-21 -8.27768338e-21 ...  3.89907386e-22
  5.46933090e-22  5.58406202e-22]"
0000c3b9c9,0.0,g2net-gravitational-wave-detection1\train\0\0\0\0000c3b9c9.npy,"[ 1.50512747e-20  1.49117237e-20  1.43755898e-20 ... -6.69228866e-21
 -6.86769132e-21 -6.69711535e-21]"
000118b40d,0.0,g2net-gravitational-wave-detection1\train\0\0\0\000118b40d.npy,"[3.30296708e-21 3.20138681e-21 3.36181955e-21 ... 4.69166185e-21
 4.88130755e-21 4.53239920e-21]"
0001616241,0.0,g2net-gravitational-wave-detection1\train\0\0\0\0001616241.npy,"[-3.45879046e-21 -3.89911296e-21 -4.10476451e-21 ...  1.89702322e-21
  2.14298317e-21  2.18780015e-21]"
0001bfda2f,0.0,g2net-gravitational-wave-detection1\train\0\0\0\0001bfda2f.npy,"[-3.71299207e-22 -1.02216601e-22  6.80225589e-23 ... -5.37770354e-22
  1.82518076e-22  9.35840252e-22]"
0002014fd3,0.0,g2net-gravitational-wave-detection1\train\0\0\0\0002014fd3.npy,"[7.91588827e-21 8.18802796e-21 8.34662938e-21 ... 8.17740893e-21
 8.19549857e-21 8.50457012e-21]"
0002402e11,0.0,g2net-gravitational-wave-detection1\train\0\0\0\0002402e11.npy,"[1.45786150e-21 1.19877080e-21 9.94846978e-22 ... 2.63126583e-21
 3.28645392e-21 3.61720371e-21]"
000243542d,0.0,g2net-gravitational-wave-detection1\train\0\0\0\000243542d.npy,"[ 8.37174090e-21  7.77088244e-21  7.81159772e-21 ... -4.44309337e-21
 -4.39489189e-21 -4.77647162e-21]"
00025c4117,0.0,g2net-gravitational-wave-detection1\train\0\0\0\00025c4117.npy,"[2.17831840e-21 2.47089042e-21 2.76607409e-21 ... 4.55560937e-21
 4.42967027e-21 3.94318593e-21]"
00026ce3c5,0.0,g2net-gravitational-wave-detection1\train\0\0\0\00026ce3c5.npy,"[-1.41663326e-20 -1.40194270e-20 -1.40956912e-20 ... -2.24457898e-21
 -1.98563455e-21 -1.86050783e-21]"
0002729283,0.0,g2net-gravitational-wave-detection1\train\0\0\0\0002729283.npy,"[ 5.87473313e-21  6.26499423e-21  6.16944964e-21 ... -2.50580089e-21
 -2.16163410e-21 -1.87392077e-21]"
0002738423,0.0,g2net-gravitational-wave-detection1\train\0\0\0\0002738423.npy,"[-5.12893094e-21 -5.02235082e-21 -5.11407984e-21 ... -6.62339744e-21
 -5.74197297e-21 -5.31975110e-21]"
000295765e,0.0,g2net-gravitational-wave-detection1\train\0\0\0\000295765e.npy,"[ 4.58961165e-22  3.11679562e-23 -7.36513105e-22 ...  8.77069833e-21
  8.86297740e-21  8.50251212e-21]"
0002b66647,0.0,g2net-gravitational-wave-detection1\train\0\0\0\0002b66647.npy,"[ 1.44619484e-21  1.36546134e-21  2.06653094e-21 ... -1.34579649e-20
 -1.30424630e-20 -1.32847575e-20]"
0002b883f5,0.0,g2net-gravitational-wave-detection1\train\0\0\0\0002b883f5.npy,"[-3.38595884e-21 -3.27068186e-21 -3.39328040e-21 ... -1.42920686e-20
 -1.45061276e-20 -1.45676821e-20]"
0002c1fef3,0.0,g2net-gravitational-wave-detection1\train\0\0\0\0002c1fef3.npy,"[-1.94407259e-21 -1.98431449e-21 -1.97087916e-21 ...  1.27006511e-20
  1.26407283e-20  1.24969789e-20]"
0003496c10,0.0,g2net-gravitational-wave-detection1\train\0\0\0\0003496c10.npy,"[8.80357149e-21 8.29392161e-21 7.95925920e-21 ... 3.49520782e-21
 3.37173343e-21 3.00498205e-21]"
00034d8429,0.0,g2net-gravitational-wave-detection1\train\0\0\0\00034d8429.npy,"[1.53026948e-20 1.44717712e-20 1.40924409e-20 ... 5.42694291e-21
 5.51225159e-21 6.05480449e-21]"
00036ba567,0.0,g2net-gravitational-wave-detection1\train\0\0\0\00036ba567.npy,"[-1.12105415e-20 -1.09565654e-20 -1.04534980e-20 ... -5.79682774e-21
 -5.52446451e-21 -5.29309778e-21]"
0003a9d0b0,0.0,g2net-gravitational-wave-detection1\train\0\0\0\0003a9d0b0.npy,"[ 1.27576595e-21  1.82910105e-21  1.90348785e-21 ...  1.19979463e-22
 -4.32634059e-23 -5.07996374e-22]"
0003d34cd0,0.0,g2net-gravitational-wave-detection1\train\0\0\0\0003d34cd0.npy,"[ 1.57447395e-21  1.55253892e-21  1.45192328e-21 ... -7.56558772e-21
 -7.56733931e-21 -7.81159637e-21]"
000415f88a,0.0,g2net-gravitational-wave-detection1\train\0\0\0\000415f88a.npy,"[-6.73432233e-21 -7.02307965e-21 -7.34598702e-21 ...  1.22870490e-20
  1.21700801e-20  1.20888877e-20]"
00044e738f,0.0,g2net-gravitational-wave-detection1\train\0\0\0\00044e738f.npy,"[ 4.31636509e-21  4.05336857e-21  4.10777390e-21 ... -7.58524103e-21
 -7.51283069e-21 -7.40222831e-21]"
00053e25a0,0.0,g2net-gravitational-wave-detection1\train\0\0\0\00053e25a0.npy,"[7.07156808e-21 6.37515718e-21 5.67293318e-21 ... 9.03043317e-21
 8.59953572e-21 7.96476723e-21]"
0005476da0,0.0,g2net-gravitational-wave-detection1\train\0\0\0\0005476da0.npy,"[ 5.63799581e-21  5.53676751e-21  5.34943755e-21 ...  5.36562547e-22
  1.78767616e-22 -5.93006461e-22]"
00061fc157,0.0,g2net-gravitational-wave-detection1\train\0\0\0\00061fc157.npy,"[2.89135044e-22 4.68165881e-22 6.45967870e-22 ... 1.48076332e-20
 1.48959452e-20 1.49378776e-20]"
000698406f,0.0,g2net-gravitational-wave-detection1\train\0\0\0\000698406f.npy,"[-4.68834810e-21 -4.56291071e-21 -4.44221567e-21 ... -4.52444993e-22
 -7.93185484e-22 -9.56221272e-22]"
000772535f,0.0,g2net-gravitational-wave-detection1\train\0\0\0\000772535f.npy,"[2.04923098e-20 2.14727109e-20 2.18196914e-20 ... 4.60542631e-21
 4.19257588e-21 4.16469771e-21]"
0007dd8fa3,0.0,g2net-gravitational-wave-detection1\train\0\0\0\0007dd8fa3.npy,"[ 1.74823500e-21  1.55222797e-21  1.76118317e-21 ... -5.92384185e-21
 -5.89904790e-21 -5.68128653e-21]"
000806e898,0.0,g2net-gravitational-wave-detection1\train\0\0\0\000806e898.npy,"[-3.29211746e-21 -3.08351700e-21 -2.93693465e-21 ... -2.50722812e-21
 -2.50007327e-21 -2.14754403e-21]"
000859c936,0.0,g2net-gravitational-wave-detection1\train\0\0\0\000859c936.npy,"[-1.22632592e-20 -1.23670427e-20 -1.24276687e-20 ... -8.19258609e-21
 -8.01474241e-21 -7.97230518e-21]"
000877a47c,0.0,g2net-gravitational-wave-detection1\train\0\0\0\000877a47c.npy,"[-3.33765819e-21 -3.20010530e-21 -2.96874030e-21 ... -1.29134003e-20
 -1.33697749e-20 -1.34755097e-20]"
0008c2f476,0.0,g2net-gravitational-wave-detection1\train\0\0\0\0008c2f476.npy,"[1.62792026e-20 1.64905651e-20 1.65618768e-20 ... 3.67615327e-21
 3.21226959e-21 2.75979135e-21]"
0008cf208f,0.0,g2net-gravitational-wave-detection1\train\0\0\0\0008cf208f.npy,"[ 2.83101240e-21  2.49555382e-21  2.32863987e-21 ... -5.32969900e-21
 -5.06646764e-21 -4.26590523e-21]"
0008dd7867,0.0,g2net-gravitational-wave-detection1\train\0\0\0\0008dd7867.npy,"[-1.65573195e-20 -1.64292158e-20 -1.63392099e-20 ... -3.65975429e-23
 -7.87837276e-22 -1.32095113e-21]"
00090121cf,0.0,g2net-gravitational-wave-detection1\train\0\0\0\00090121cf.npy,"[ 1.94377464e-22  3.92813360e-22  2.04955688e-22 ... -5.61685940e-21
 -5.74610230e-21 -5.88499616e-21]"
00091a8762,0.0,g2net-gravitational-wave-detection1\train\0\0\0\00091a8762.npy,"[4.78974116e-21 4.71593893e-21 4.98330625e-21 ... 3.25614461e-21
 3.28083060e-21 3.32353009e-21]"
000935c367,0.0,g2net-gravitational-wave-detection1\train\0\0\0\000935c367.npy,"[-8.92345025e-22 -9.00163083e-22 -6.84696086e-22 ... -8.77612982e-21
 -8.60583706e-21 -8.57975830e-21]"
00093b5c49,0.0,g2net-gravitational-wave-detection1\train\0\0\0\00093b5c49.npy,"[ 3.88929823e-21  3.39866275e-21  2.93318632e-21 ... -1.17246642e-21
 -7.96300269e-22 -2.90875102e-22]"
00094e51b0,0.0,g2net-gravitational-wave-detection1\train\0\0\0\00094e51b0.npy,"[-8.97626987e-22 -4.36821887e-22  2.59506694e-22 ...  1.64675452e-20
  1.63220309e-20  1.64860358e-20]"
00096eb5cd,0.0,g2net-gravitational-wave-detection1\train\0\0\0\00096eb5cd.npy,"[-9.58522040e-22 -5.30807345e-22  4.48909537e-23 ... -8.67051601e-22
 -5.00045240e-22 -4.12688506e-22]"
000998b399,0.0,g2net-gravitational-wave-detection1\train\0\0\0\000998b399.npy,"[ 3.05143293e-21  3.23353337e-21  3.42206753e-21 ... -1.35203709e-21
 -7.43274208e-22 -3.65748686e-22]"
00099c3cb0,0.0,g2net-gravitational-wave-detection1\train\0\0\0\00099c3cb0.npy,"[ 1.79792430e-20  1.81388301e-20  1.85118799e-20 ... -1.08518058e-20
 -1.04953989e-20 -9.97176652e-21]"
0009b0f2b6,0.0,g2net-gravitational-wave-detection1\train\0\0\0\0009b0f2b6.npy,"[1.14164194e-20 1.17686159e-20 1.18910677e-20 ... 1.27509219e-21
 1.01059120e-21 1.14695857e-21]"
0009c48c31,0.0,g2net-gravitational-wave-detection1\train\0\0\0\0009c48c31.npy,"[7.96649221e-21 8.12492844e-21 8.01653847e-21 ... 3.69465848e-21
 3.87857740e-21 3.79327717e-21]"
000a1122c0,0.0,g2net-gravitational-wave-detection1\train\0\0\0\000a1122c0.npy,"[1.23886418e-20 1.18153620e-20 1.16948284e-20 ... 8.60766789e-22
 7.55281293e-22 7.56310792e-22]"
000a3072ab,0.0,g2net-gravitational-wave-detection1\train\0\0\0\000a3072ab.npy,"[-4.23270010e-21 -4.30295192e-21 -4.09725214e-21 ...  5.73007142e-21
  5.90608632e-21  5.83898943e-21]"
000a852fee,0.0,g2net-gravitational-wave-detection1\train\0\0\0\000a852fee.npy,"[-1.50068912e-20 -1.51533652e-20 -1.50428239e-20 ... -1.62545216e-20
 -1.62881212e-20 -1.61384182e-20]"
000a8caf72,0.0,g2net-gravitational-wave-detection1\train\0\0\0\000a8caf72.npy,"[-9.24400838e-22 -1.08408253e-21 -1.18434387e-21 ...  2.09137976e-21
  2.21198085e-21  2.49364547e-21]"
000b077d34,0.0,g2net-gravitational-wave-detection1\train\0\0\0\000b077d34.npy,"[-1.38298913e-21 -1.62579854e-21 -1.69100847e-21 ... -3.24565918e-21
 -3.56034845e-21 -3.99329578e-21]"
000ba9ebe8,0.0,g2net-gravitational-wave-detection1\train\0\0\0\000ba9ebe8.npy,"[9.49408250e-21 9.53741137e-21 9.22816035e-21 ... 1.04264195e-21
 9.21123953e-22 4.90558955e-22]"
000bcd1c97,0.0,g2net-gravitational-wave-detection1\train\0\0\0\000bcd1c97.npy,"[ 1.48142913e-20  1.44450788e-20  1.39937274e-20 ... -2.49088097e-22
 -3.15185451e-22 -5.55944870e-22]"
000be7de2d,0.0,g2net-gravitational-wave-detection1\train\0\0\0\000be7de2d.npy,"[ 1.43600212e-20  1.38754811e-20  1.35737531e-20 ... -6.61857753e-22
 -1.61824098e-22 -6.01427635e-22]"
000c3049e8,0.0,g2net-gravitational-wave-detection1\train\0\0\0\000c3049e8.npy,"[-9.93082825e-21 -9.73660189e-21 -9.58733371e-21 ...  9.37997002e-22
  9.38989916e-22  1.04031513e-21]"
000c617dd1,0.0,g2net-gravitational-wave-detection1\train\0\0\0\000c617dd1.npy,"[-5.34563786e-21 -5.39806458e-21 -5.36719055e-21 ...  8.47280160e-21
  8.56842926e-21  8.19180802e-21]"
000c852f37,0.0,g2net-gravitational-wave-detection1\train\0\0\0\000c852f37.npy,"[-4.20682602e-21 -4.35572061e-21 -4.44442492e-21 ...  8.26585766e-21
  8.81654299e-21  8.85229823e-21]"
000c890412,0.0,g2net-gravitational-wave-detection1\train\0\0\0\000c890412.npy,"[-3.25580659e-21 -3.33902024e-21 -3.50260777e-21 ...  6.82465467e-21
  7.15967230e-21  7.16097316e-21]"
000c9feb63,0.0,g2net-gravitational-wave-detection1\train\0\0\0\000c9feb63.npy,"[-3.29177009e-21 -3.02211376e-21 -2.78926643e-21 ... -2.39070869e-21
 -2.17271439e-21 -2.73671072e-21]"
000ca21306,0.0,g2net-gravitational-wave-detection1\train\0\0\0\000ca21306.npy,"[ 1.56914375e-20  1.59803529e-20  1.66343835e-20 ... -4.44173385e-21
 -4.51151875e-21 -4.26066819e-21]"
000ca41c06,0.0,g2net-gravitational-wave-detection1\train\0\0\0\000ca41c06.npy,"[3.40120363e-21 3.03359886e-21 2.87543020e-21 ... 4.83459932e-21
 4.66746907e-21 4.73919502e-21]"
000cb60cec,0.0,g2net-gravitational-wave-detection1\train\0\0\0\000cb60cec.npy,"[1.32256629e-20 1.31657926e-20 1.30238830e-20 ... 6.43962031e-21
 6.24911314e-21 5.78961940e-21]"
000cbae488,0.0,g2net-gravitational-wave-detection1\train\0\0\0\000cbae488.npy,"[-8.55356778e-21 -8.11822983e-21 -7.87260045e-21 ... -5.35380684e-21
 -5.43810690e-21 -5.67029205e-21]"
000db11b84,0.0,g2net-gravitational-wave-detection1\train\0\0\0\000db11b84.npy,"[-1.97343285e-21 -2.41914540e-21 -2.41438010e-21 ... -1.18621631e-20
 -1.18820739e-20 -1.16121347e-20]"
000e3b933f,0.0,g2net-gravitational-wave-detection1\train\0\0\0\000e3b933f.npy,"[-1.88170360e-21 -2.47687837e-21 -3.07311662e-21 ...  2.64905031e-21
  2.55183192e-21  2.01238171e-21]"
000e579c6a,0.0,g2net-gravitational-wave-detection1\train\0\0\0\000e579c6a.npy,"[-4.62295970e-21 -4.91743205e-21 -5.19804106e-21 ... -8.58416174e-22
 -1.07653545e-21 -1.74695554e-21]"
000e94ed5f,0.0,g2net-gravitational-wave-detection1\train\0\0\0\000e94ed5f.npy,"[-1.23307744e-21 -1.48409302e-21 -1.61439973e-21 ... -7.53223438e-21
 -7.05945646e-21 -7.07214745e-21]"
000ea3f58c,0.0,g2net-gravitational-wave-detection1\train\0\0\0\000ea3f58c.npy,"[2.32193878e-21 2.65047095e-21 2.66256038e-21 ... 7.72994001e-21
 7.97087637e-21 8.32031845e-21]"
000eb55203,0.0,g2net-gravitational-wave-detection1\train\0\0\0\000eb55203.npy,"[-1.02945567e-20 -1.08580065e-20 -1.09435658e-20 ...  8.14563594e-22
  3.99352237e-22  5.23600684e-22]"
